{
  "max_age_days": 7,
  "select_per_category": 12,
  "overfetch_factor": 3,
  "timeout_sec": 20,
  "user_agent": "SPSDailyCollector/2.0 (+https://thebeakers.com)",
  "min_words": {
    "science": 650,
    "philosophy": 900,
    "society": 900,
    "books": 750
  },
  "domain_min_words": {
    "phys.org": 900,
    "sciencedaily.com": 1000
  },
  "domain_blocklist": [
    "psychologytoday.com",
    "medium.com",
    "towardsdatascience.com",
    "linkedin.com",
    "facebook.com",
    "instagram.com",
    "tiktok.com"
  ],
  "clickbait_patterns": [
    "^\\s*\\d+\\s+(ways|things|reasons|signs|habits)\\b",
    "\\b(you won\\'t believe|mind[-\\s]?blowing|shocking|secret|this one trick|life[-\\s]?changing)\\b",
    "\\b(what you need to know|here\\'s why|here is why|the truth about)\\b",
    "\\b(hack|hacks|tips and tricks|simple trick)\\b",
    "\\b(are we wrong|everything you thought|destroyed|obliterated)\\b"
  ]
}